Driver,LapNumber,Compound,TyreLife,LapTimeSec,Pitted,Position,Team,RollingAvgLapTime,LapTimeDelta,DegRate,LapsRemaining,PitLabel
ALO,1,SOFT,1,90.627,0,10,Aston Martin,90.627,0.0,0.0,56,STAY_OUT
ALO,2,SOFT,2,89.183,0,10,Aston Martin,89.905,-1.4439999999999884,-1.4439999999999884,55,STAY_OUT
ALO,3,SOFT,3,90.048,0,10,Aston Martin,89.95266666666667,0.8649999999999949,0.8649999999999949,54,STAY_OUT
ALO,4,SOFT,4,88.996,0,10,Aston Martin,89.40899999999999,-1.0520000000000067,-1.0520000000000067,53,STAY_OUT
ALO,5,SOFT,5,89.535,0,10,Aston Martin,89.52633333333334,0.5390000000000015,0.5390000000000015,52,STAY_OUT
ALO,6,SOFT,6,89.508,0,10,Aston Martin,89.34633333333333,-0.027000000000001023,-0.027000000000001023,51,STAY_OUT
ALO,7,SOFT,7,89.986,0,10,Aston Martin,89.67633333333333,0.47800000000000864,0.47800000000000864,50,STAY_OUT
ALO,8,SOFT,8,89.23,0,10,Aston Martin,89.57466666666666,-0.7560000000000002,-0.7560000000000002,49,STAY_OUT
ALO,9,SOFT,9,89.842,0,10,Aston Martin,89.68599999999999,0.6119999999999948,0.6119999999999948,48,PIT_SOON
ALO,10,SOFT,10,89.755,0,10,Aston Martin,89.609,-0.0870000000000033,-0.0870000000000033,47,PIT_SOON
ALO,11,SOFT,11,90.477,0,10,Aston Martin,90.02466666666668,0.7220000000000084,0.7220000000000084,46,PIT_SOON
ALO,12,SOFT,12,89.698,1,10,Aston Martin,89.97666666666667,-0.7790000000000106,-0.7790000000000106,45,PIT_NOW
ALO,13,MEDIUM,13,90.458,0,10,Aston Martin,90.21100000000001,0.7600000000000051,0.0,44,STAY_OUT
ALO,14,MEDIUM,14,90.6,0,10,Aston Martin,90.252,0.1419999999999959,0.1419999999999959,43,STAY_OUT
ALO,15,MEDIUM,15,90.213,0,10,Aston Martin,90.42366666666665,-0.38700000000000045,-0.38700000000000045,42,STAY_OUT
ALO,16,MEDIUM,16,90.762,0,10,Aston Martin,90.52499999999999,0.5490000000000066,0.5490000000000066,41,STAY_OUT
ALO,17,MEDIUM,17,90.762,0,10,Aston Martin,90.579,0.0,0.0,40,STAY_OUT
ALO,18,MEDIUM,18,91.105,0,10,Aston Martin,90.87633333333333,0.3430000000000035,0.3430000000000035,39,STAY_OUT
ALO,19,MEDIUM,19,91.233,0,10,Aston Martin,91.03333333333335,0.1280000000000001,0.1280000000000001,38,STAY_OUT
ALO,20,MEDIUM,20,91.763,0,10,Aston Martin,91.367,0.5300000000000011,0.5300000000000011,37,STAY_OUT
ALO,21,MEDIUM,21,91.555,0,10,Aston Martin,91.517,-0.2079999999999984,-0.2079999999999984,36,STAY_OUT
ALO,22,MEDIUM,22,91.167,0,10,Aston Martin,91.495,-0.38800000000000523,-0.38800000000000523,35,STAY_OUT
ALO,23,MEDIUM,23,91.14,0,10,Aston Martin,91.28733333333334,-0.027000000000001023,-0.027000000000001023,34,STAY_OUT
ALO,24,MEDIUM,24,91.628,0,10,Aston Martin,91.31166666666667,0.48799999999999955,0.48799999999999955,33,STAY_OUT
ALO,25,MEDIUM,25,91.154,0,10,Aston Martin,91.30733333333332,-0.47400000000000375,-0.47400000000000375,32,STAY_OUT
ALO,26,MEDIUM,26,92.169,0,10,Aston Martin,91.65033333333334,1.0150000000000006,1.0150000000000006,31,STAY_OUT
ALO,27,MEDIUM,27,92.044,0,10,Aston Martin,91.789,-0.125,-0.125,30,STAY_OUT
ALO,28,MEDIUM,28,91.619,0,10,Aston Martin,91.944,-0.42499999999999716,-0.42499999999999716,29,STAY_OUT
ALO,29,MEDIUM,29,91.316,0,10,Aston Martin,91.65966666666667,-0.30299999999999727,-0.30299999999999727,28,STAY_OUT
ALO,30,MEDIUM,30,92.306,0,10,Aston Martin,91.747,0.9899999999999949,0.9899999999999949,27,STAY_OUT
ALO,31,MEDIUM,31,91.936,0,10,Aston Martin,91.85266666666666,-0.36999999999999034,-0.36999999999999034,26,STAY_OUT
ALO,32,MEDIUM,32,92.411,0,10,Aston Martin,92.21766666666667,0.4749999999999943,0.4749999999999943,25,PIT_SOON
ALO,33,MEDIUM,33,91.632,0,10,Aston Martin,91.99300000000001,-0.7789999999999964,-0.7789999999999964,24,PIT_SOON
ALO,34,MEDIUM,34,92.0,0,10,Aston Martin,92.01433333333334,0.367999999999995,0.367999999999995,23,PIT_SOON
ALO,35,MEDIUM,35,92.252,1,10,Aston Martin,91.96133333333334,0.25199999999999534,0.25199999999999534,22,PIT_NOW
ALO,36,HARD,36,92.454,0,10,Aston Martin,92.23533333333334,0.20199999999999818,0.0,21,STAY_OUT
ALO,37,HARD,37,92.345,0,10,Aston Martin,92.35033333333332,-0.10899999999999466,-0.10899999999999466,20,STAY_OUT
ALO,38,HARD,38,92.707,0,10,Aston Martin,92.502,0.36199999999999477,0.36199999999999477,19,STAY_OUT
ALO,39,HARD,39,92.24,0,10,Aston Martin,92.43066666666665,-0.46699999999999875,-0.46699999999999875,18,STAY_OUT
ALO,40,HARD,40,92.557,0,10,Aston Martin,92.50133333333333,0.3170000000000073,0.3170000000000073,17,STAY_OUT
ALO,41,HARD,41,92.676,0,10,Aston Martin,92.491,0.11899999999999977,0.11899999999999977,16,STAY_OUT
ALO,42,HARD,42,92.834,0,10,Aston Martin,92.68900000000001,0.15800000000000125,0.15800000000000125,15,STAY_OUT
ALO,43,HARD,43,92.933,0,10,Aston Martin,92.81433333333332,0.09900000000000375,0.09900000000000375,14,STAY_OUT
ALO,44,HARD,44,92.423,0,10,Aston Martin,92.73000000000002,-0.5100000000000051,-0.5100000000000051,13,STAY_OUT
ALO,45,HARD,45,92.34,0,10,Aston Martin,92.56533333333334,-0.08299999999999841,-0.08299999999999841,12,STAY_OUT
ALO,46,HARD,46,93.223,0,10,Aston Martin,92.66199999999999,0.8829999999999956,0.8829999999999956,11,STAY_OUT
ALO,47,HARD,47,92.98,0,10,Aston Martin,92.84766666666667,-0.242999999999995,-0.242999999999995,10,STAY_OUT
ALO,48,HARD,48,92.695,0,10,Aston Martin,92.96600000000001,-0.2850000000000108,-0.2850000000000108,9,STAY_OUT
ALO,49,HARD,49,93.425,0,10,Aston Martin,93.03333333333332,0.730000000000004,0.730000000000004,8,STAY_OUT
ALO,50,HARD,50,93.035,0,10,Aston Martin,93.05166666666666,-0.39000000000000057,-0.39000000000000057,7,STAY_OUT
ALO,51,HARD,51,93.394,0,10,Aston Martin,93.28466666666667,0.35900000000000887,0.35900000000000887,6,STAY_OUT
ALO,52,HARD,52,93.1,0,10,Aston Martin,93.17633333333333,-0.29400000000001114,-0.29400000000001114,5,STAY_OUT
ALO,53,HARD,53,93.738,0,10,Aston Martin,93.41066666666667,0.6380000000000052,0.6380000000000052,4,STAY_OUT
ALO,54,HARD,54,93.687,0,10,Aston Martin,93.50833333333333,-0.05100000000000193,-0.05100000000000193,3,STAY_OUT
ALO,55,HARD,55,93.125,0,10,Aston Martin,93.51666666666665,-0.5619999999999976,-0.5619999999999976,2,STAY_OUT
ALO,56,HARD,56,93.531,0,10,Aston Martin,93.44766666666665,0.4060000000000059,0.4060000000000059,1,STAY_OUT
ALO,57,HARD,57,93.474,0,10,Aston Martin,93.37666666666667,-0.05700000000000216,-0.05700000000000216,0,STAY_OUT
GAS,1,SOFT,1,88.956,0,7,Alpine,88.956,0.0,0.0,56,STAY_OUT
GAS,2,SOFT,2,90.263,0,7,Alpine,89.6095,1.3070000000000022,1.3070000000000022,55,STAY_OUT
GAS,3,SOFT,3,90.035,0,7,Alpine,89.75133333333333,-0.22800000000000864,-0.22800000000000864,54,STAY_OUT
GAS,4,SOFT,4,88.449,0,7,Alpine,89.58233333333332,-1.5859999999999985,-1.5859999999999985,53,STAY_OUT
GAS,5,SOFT,5,88.79,0,7,Alpine,89.09133333333334,0.3410000000000082,0.3410000000000082,52,STAY_OUT
GAS,6,SOFT,6,89.271,0,7,Alpine,88.83666666666666,0.48099999999999454,0.48099999999999454,51,STAY_OUT
GAS,7,SOFT,7,89.367,0,7,Alpine,89.14266666666667,0.09600000000000364,0.09600000000000364,50,STAY_OUT
GAS,8,SOFT,8,89.606,0,7,Alpine,89.41466666666666,0.2389999999999901,0.2389999999999901,49,STAY_OUT
GAS,9,SOFT,9,90.054,0,7,Alpine,89.67566666666666,0.4480000000000075,0.4480000000000075,48,STAY_OUT
GAS,10,SOFT,10,89.664,0,7,Alpine,89.77466666666665,-0.39000000000000057,-0.39000000000000057,47,STAY_OUT
GAS,11,SOFT,11,89.854,0,7,Alpine,89.85733333333333,0.18999999999999773,0.18999999999999773,46,STAY_OUT
GAS,12,SOFT,12,89.762,0,7,Alpine,89.76,-0.09199999999999875,-0.09199999999999875,45,STAY_OUT
GAS,13,SOFT,13,90.236,0,7,Alpine,89.95066666666666,0.47400000000000375,0.47400000000000375,44,PIT_SOON
GAS,14,SOFT,14,90.084,0,7,Alpine,90.02733333333333,-0.15200000000000102,-0.15200000000000102,43,PIT_SOON
GAS,15,SOFT,15,90.204,0,7,Alpine,90.17466666666667,0.11999999999999034,0.11999999999999034,42,PIT_SOON
GAS,16,SOFT,16,90.583,1,7,Alpine,90.29033333333332,0.3790000000000049,0.3790000000000049,41,PIT_NOW
GAS,17,MEDIUM,17,91.3,0,7,Alpine,90.69566666666667,0.7169999999999987,0.0,40,STAY_OUT
GAS,18,MEDIUM,18,90.398,0,7,Alpine,90.76033333333332,-0.902000000000001,-0.902000000000001,39,STAY_OUT
GAS,19,MEDIUM,19,91.238,0,7,Alpine,90.97866666666668,0.8400000000000034,0.8400000000000034,38,STAY_OUT
GAS,20,MEDIUM,20,91.119,0,7,Alpine,90.91833333333334,-0.11899999999999977,-0.11899999999999977,37,STAY_OUT
GAS,21,MEDIUM,21,91.554,0,7,Alpine,91.30366666666667,0.4350000000000023,0.4350000000000023,36,STAY_OUT
GAS,22,MEDIUM,22,91.265,0,7,Alpine,91.31266666666666,-0.2890000000000015,-0.2890000000000015,35,STAY_OUT
GAS,23,MEDIUM,23,91.8,0,7,Alpine,91.53966666666668,0.5349999999999966,0.5349999999999966,34,STAY_OUT
GAS,24,MEDIUM,24,91.277,0,7,Alpine,91.44733333333333,-0.5229999999999961,-0.5229999999999961,33,STAY_OUT
GAS,25,MEDIUM,25,90.881,0,7,Alpine,91.31933333333335,-0.3960000000000008,-0.3960000000000008,32,STAY_OUT
GAS,26,MEDIUM,26,91.935,0,7,Alpine,91.36433333333333,1.054000000000002,1.054000000000002,31,STAY_OUT
GAS,27,MEDIUM,27,91.437,0,7,Alpine,91.41766666666668,-0.49800000000000466,-0.49800000000000466,30,STAY_OUT
GAS,28,MEDIUM,28,91.286,0,7,Alpine,91.55266666666667,-0.15099999999999625,-0.15099999999999625,29,STAY_OUT
GAS,29,MEDIUM,29,91.835,0,7,Alpine,91.51933333333334,0.5489999999999924,0.5489999999999924,28,STAY_OUT
GAS,30,MEDIUM,30,91.828,0,7,Alpine,91.64966666666668,-0.006999999999990791,-0.006999999999990791,27,STAY_OUT
GAS,31,MEDIUM,31,92.217,0,7,Alpine,91.96,0.3889999999999958,0.3889999999999958,26,STAY_OUT
GAS,32,MEDIUM,32,92.308,0,7,Alpine,92.11766666666666,0.09100000000000819,0.09100000000000819,25,STAY_OUT
GAS,33,MEDIUM,33,92.139,0,7,Alpine,92.22133333333333,-0.16900000000001114,-0.16900000000001114,24,STAY_OUT
GAS,34,MEDIUM,34,91.915,0,7,Alpine,92.12066666666668,-0.22399999999998954,-0.22399999999998954,23,STAY_OUT
GAS,35,MEDIUM,35,92.336,0,7,Alpine,92.13,0.42099999999999227,0.42099999999999227,22,STAY_OUT
GAS,36,MEDIUM,36,92.37,0,7,Alpine,92.207,0.034000000000006025,0.034000000000006025,21,STAY_OUT
GAS,37,MEDIUM,37,92.561,0,7,Alpine,92.42233333333333,0.1910000000000025,0.1910000000000025,20,PIT_SOON
GAS,38,MEDIUM,38,92.198,0,7,Alpine,92.37633333333333,-0.36300000000001376,-0.36300000000001376,19,PIT_SOON
GAS,39,MEDIUM,39,92.41,0,7,Alpine,92.38966666666666,0.2120000000000033,0.2120000000000033,18,PIT_SOON
GAS,40,MEDIUM,40,92.753,1,7,Alpine,92.45366666666666,0.3430000000000035,0.3430000000000035,17,PIT_NOW
GAS,41,HARD,41,93.014,0,7,Alpine,92.72566666666667,0.2609999999999957,0.0,16,STAY_OUT
GAS,42,HARD,42,92.97,0,7,Alpine,92.91233333333332,-0.04399999999999693,-0.04399999999999693,15,STAY_OUT
GAS,43,HARD,43,92.745,0,7,Alpine,92.90966666666667,-0.22499999999999432,-0.22499999999999432,14,STAY_OUT
GAS,44,HARD,44,92.614,0,7,Alpine,92.77633333333334,-0.13100000000000023,-0.13100000000000023,13,STAY_OUT
GAS,45,HARD,45,92.921,0,7,Alpine,92.76,0.30700000000000216,0.30700000000000216,12,STAY_OUT
GAS,46,HARD,46,92.513,0,7,Alpine,92.68266666666666,-0.40800000000000125,-0.40800000000000125,11,STAY_OUT
GAS,47,HARD,47,92.635,0,7,Alpine,92.68966666666667,0.12199999999999989,0.12199999999999989,10,STAY_OUT
GAS,48,HARD,48,93.373,0,7,Alpine,92.84033333333333,0.7379999999999995,0.7379999999999995,9,STAY_OUT
GAS,49,HARD,49,93.081,0,7,Alpine,93.02966666666667,-0.2920000000000016,-0.2920000000000016,8,STAY_OUT
GAS,50,HARD,50,92.896,0,7,Alpine,93.11666666666667,-0.18500000000000227,-0.18500000000000227,7,STAY_OUT
GAS,51,HARD,51,93.289,0,7,Alpine,93.08866666666667,0.3930000000000007,0.3930000000000007,6,STAY_OUT
GAS,52,HARD,52,93.466,0,7,Alpine,93.21699999999998,0.1769999999999925,0.1769999999999925,5,STAY_OUT
GAS,53,HARD,53,92.987,0,7,Alpine,93.24733333333332,-0.4789999999999992,-0.4789999999999992,4,STAY_OUT
GAS,54,HARD,54,93.032,0,7,Alpine,93.16166666666668,0.045000000000001705,0.045000000000001705,3,STAY_OUT
GAS,55,HARD,55,93.034,0,7,Alpine,93.01766666666667,0.0020000000000095497,0.0020000000000095497,2,STAY_OUT
GAS,56,HARD,56,93.529,0,7,Alpine,93.19833333333334,0.49499999999999034,0.49499999999999034,1,STAY_OUT
GAS,57,HARD,57,93.572,0,7,Alpine,93.37833333333333,0.043000000000006366,0.043000000000006366,0,STAY_OUT
HAM,1,SOFT,1,90.801,0,2,Mercedes,90.801,0.0,0.0,56,STAY_OUT
HAM,2,SOFT,2,89.855,0,2,Mercedes,90.328,-0.945999999999998,-0.945999999999998,55,STAY_OUT
HAM,3,SOFT,3,90.359,0,2,Mercedes,90.33833333333332,0.5039999999999907,0.5039999999999907,54,STAY_OUT
HAM,4,SOFT,4,89.429,0,2,Mercedes,89.88100000000001,-0.9299999999999926,-0.9299999999999926,53,STAY_OUT
HAM,5,SOFT,5,89.201,0,2,Mercedes,89.663,-0.22800000000000864,-0.22800000000000864,52,STAY_OUT
HAM,6,SOFT,6,90.232,0,2,Mercedes,89.62066666666668,1.031000000000006,1.031000000000006,51,STAY_OUT
HAM,7,SOFT,7,89.064,0,2,Mercedes,89.49899999999998,-1.1680000000000064,-1.1680000000000064,50,STAY_OUT
HAM,8,SOFT,8,89.34,0,2,Mercedes,89.54533333333335,0.27600000000001046,0.27600000000001046,49,STAY_OUT
HAM,9,SOFT,9,89.562,0,2,Mercedes,89.322,0.2219999999999942,0.2219999999999942,48,STAY_OUT
HAM,10,SOFT,10,89.274,0,2,Mercedes,89.39200000000001,-0.2879999999999967,-0.2879999999999967,47,STAY_OUT
HAM,11,SOFT,11,90.133,0,2,Mercedes,89.65633333333334,0.8589999999999947,0.8589999999999947,46,STAY_OUT
HAM,12,SOFT,12,90.211,0,2,Mercedes,89.87266666666666,0.07800000000000296,0.07800000000000296,45,PIT_SOON
HAM,13,SOFT,13,90.066,0,2,Mercedes,90.13666666666666,-0.14499999999999602,-0.14499999999999602,44,PIT_SOON
HAM,14,SOFT,14,90.02,0,2,Mercedes,90.099,-0.04600000000000648,-0.04600000000000648,43,PIT_SOON
HAM,15,SOFT,15,89.851,1,2,Mercedes,89.979,-0.16899999999999693,-0.16899999999999693,42,PIT_NOW
HAM,16,MEDIUM,16,90.683,0,2,Mercedes,90.18466666666666,0.8320000000000078,0.0,41,STAY_OUT
HAM,17,MEDIUM,17,91.213,0,2,Mercedes,90.58233333333334,0.5299999999999869,0.5299999999999869,40,STAY_OUT
HAM,18,MEDIUM,18,90.996,0,2,Mercedes,90.964,-0.21699999999999875,-0.21699999999999875,39,STAY_OUT
HAM,19,MEDIUM,19,91.002,0,2,Mercedes,91.07033333333334,0.006000000000000227,0.006000000000000227,38,STAY_OUT
HAM,20,MEDIUM,20,91.35,0,2,Mercedes,91.11599999999999,0.347999999999999,0.347999999999999,37,STAY_OUT
HAM,21,MEDIUM,21,91.617,0,2,Mercedes,91.323,0.2670000000000101,0.2670000000000101,36,STAY_OUT
HAM,22,MEDIUM,22,91.417,0,2,Mercedes,91.46133333333334,-0.20000000000000284,-0.20000000000000284,35,STAY_OUT
HAM,23,MEDIUM,23,91.504,0,2,Mercedes,91.51266666666668,0.0870000000000033,0.0870000000000033,34,STAY_OUT
HAM,24,MEDIUM,24,91.892,0,2,Mercedes,91.60433333333333,0.387999999999991,0.387999999999991,33,STAY_OUT
HAM,25,MEDIUM,25,91.603,0,2,Mercedes,91.66633333333334,-0.2890000000000015,-0.2890000000000015,32,STAY_OUT
HAM,26,MEDIUM,26,91.527,0,2,Mercedes,91.67399999999999,-0.0759999999999934,-0.0759999999999934,31,STAY_OUT
HAM,27,MEDIUM,27,91.892,0,2,Mercedes,91.67399999999999,0.3649999999999949,0.3649999999999949,30,STAY_OUT
HAM,28,MEDIUM,28,91.683,0,2,Mercedes,91.70066666666666,-0.20899999999998897,-0.20899999999998897,29,STAY_OUT
HAM,29,MEDIUM,29,91.72,0,2,Mercedes,91.765,0.03699999999999193,0.03699999999999193,28,STAY_OUT
HAM,30,MEDIUM,30,92.282,0,2,Mercedes,91.895,0.5619999999999976,0.5619999999999976,27,STAY_OUT
HAM,31,MEDIUM,31,91.882,0,2,Mercedes,91.96133333333334,-0.3999999999999915,-0.3999999999999915,26,STAY_OUT
HAM,32,MEDIUM,32,91.243,0,2,Mercedes,91.80233333333332,-0.63900000000001,-0.63900000000001,25,STAY_OUT
HAM,33,MEDIUM,33,92.214,0,2,Mercedes,91.77966666666667,0.9710000000000036,0.9710000000000036,24,STAY_OUT
HAM,34,MEDIUM,34,92.061,0,2,Mercedes,91.83933333333334,-0.1529999999999916,-0.1529999999999916,23,STAY_OUT
HAM,35,MEDIUM,35,92.163,0,2,Mercedes,92.146,0.10199999999998965,0.10199999999998965,22,STAY_OUT
HAM,36,MEDIUM,36,92.456,0,2,Mercedes,92.22666666666667,0.29300000000000637,0.29300000000000637,21,STAY_OUT
HAM,37,MEDIUM,37,92.34,0,2,Mercedes,92.31966666666666,-0.11599999999999966,-0.11599999999999966,20,PIT_SOON
HAM,38,MEDIUM,38,92.524,0,2,Mercedes,92.44,0.1839999999999975,0.1839999999999975,19,PIT_SOON
HAM,39,MEDIUM,39,91.923,0,2,Mercedes,92.26233333333334,-0.6009999999999991,-0.6009999999999991,18,PIT_SOON
HAM,40,MEDIUM,40,92.317,1,2,Mercedes,92.25466666666667,0.39399999999999125,0.39399999999999125,17,PIT_NOW
HAM,41,HARD,41,93.061,0,2,Mercedes,92.43366666666667,0.744000000000014,0.0,16,STAY_OUT
HAM,42,HARD,42,92.674,0,2,Mercedes,92.68400000000001,-0.38700000000000045,-0.38700000000000045,15,STAY_OUT
HAM,43,HARD,43,92.218,0,2,Mercedes,92.651,-0.45600000000000307,-0.45600000000000307,14,STAY_OUT
HAM,44,HARD,44,92.438,0,2,Mercedes,92.44333333333334,0.21999999999999886,0.21999999999999886,13,STAY_OUT
HAM,45,HARD,45,92.502,0,2,Mercedes,92.38600000000001,0.06399999999999295,0.06399999999999295,12,STAY_OUT
HAM,46,HARD,46,92.871,0,2,Mercedes,92.60366666666665,0.3689999999999998,0.3689999999999998,11,STAY_OUT
HAM,47,HARD,47,92.75,0,2,Mercedes,92.70766666666667,-0.12099999999999511,-0.12099999999999511,10,STAY_OUT
HAM,48,HARD,48,92.722,0,2,Mercedes,92.78099999999999,-0.028000000000005798,-0.028000000000005798,9,STAY_OUT
HAM,49,HARD,49,92.961,0,2,Mercedes,92.81099999999999,0.23900000000000432,0.23900000000000432,8,STAY_OUT
HAM,50,HARD,50,93.143,0,2,Mercedes,92.94200000000001,0.18200000000000216,0.18200000000000216,7,STAY_OUT
HAM,51,HARD,51,92.962,0,2,Mercedes,93.022,-0.18099999999999739,-0.18099999999999739,6,STAY_OUT
HAM,52,HARD,52,92.908,0,2,Mercedes,93.00433333333332,-0.054000000000002046,-0.054000000000002046,5,STAY_OUT
HAM,53,HARD,53,92.994,0,2,Mercedes,92.95466666666668,0.08599999999999852,0.08599999999999852,4,STAY_OUT
HAM,54,HARD,54,93.262,0,2,Mercedes,93.05466666666666,0.2680000000000007,0.2680000000000007,3,STAY_OUT
HAM,55,HARD,55,93.198,0,2,Mercedes,93.15133333333331,-0.06400000000000716,-0.06400000000000716,2,STAY_OUT
HAM,56,HARD,56,93.47,0,2,Mercedes,93.31,0.27200000000000557,0.27200000000000557,1,STAY_OUT
HAM,57,HARD,57,92.935,0,2,Mercedes,93.20100000000001,-0.5349999999999966,-0.5349999999999966,0,STAY_OUT
LEC,1,SOFT,1,89.844,0,6,Ferrari,89.844,0.0,0.0,56,STAY_OUT
LEC,2,SOFT,2,89.708,0,6,Ferrari,89.776,-0.13599999999999568,-0.13599999999999568,55,STAY_OUT
LEC,3,SOFT,3,90.353,0,6,Ferrari,89.96833333333332,0.644999999999996,0.644999999999996,54,STAY_OUT
LEC,4,SOFT,4,89.398,0,6,Ferrari,89.81966666666666,-0.9549999999999983,-0.9549999999999983,53,STAY_OUT
LEC,5,SOFT,5,88.803,0,6,Ferrari,89.51799999999999,-0.5949999999999989,-0.5949999999999989,52,STAY_OUT
LEC,6,SOFT,6,89.05,0,6,Ferrari,89.08366666666666,0.2469999999999999,0.2469999999999999,51,STAY_OUT
LEC,7,SOFT,7,89.37,0,6,Ferrari,89.07433333333334,0.3200000000000074,0.3200000000000074,50,STAY_OUT
LEC,8,SOFT,8,89.309,0,6,Ferrari,89.24300000000001,-0.06100000000000705,-0.06100000000000705,49,STAY_OUT
LEC,9,SOFT,9,89.115,0,6,Ferrari,89.26466666666666,-0.19400000000000261,-0.19400000000000261,48,STAY_OUT
LEC,10,SOFT,10,89.721,0,6,Ferrari,89.38166666666666,0.6060000000000088,0.6060000000000088,47,STAY_OUT
LEC,11,SOFT,11,89.501,0,6,Ferrari,89.44566666666667,-0.21999999999999886,-0.21999999999999886,46,STAY_OUT
LEC,12,SOFT,12,90.082,0,6,Ferrari,89.76799999999999,0.5809999999999889,0.5809999999999889,45,STAY_OUT
LEC,13,SOFT,13,89.784,0,6,Ferrari,89.78899999999999,-0.2979999999999876,-0.2979999999999876,44,STAY_OUT
LEC,14,SOFT,14,90.645,0,6,Ferrari,90.17033333333335,0.86099999999999,0.86099999999999,43,STAY_OUT
LEC,15,SOFT,15,90.065,0,6,Ferrari,90.16466666666668,-0.5799999999999983,-0.5799999999999983,42,PIT_SOON
LEC,16,SOFT,16,90.323,0,6,Ferrari,90.34433333333334,0.25799999999999557,0.25799999999999557,41,PIT_SOON
LEC,17,SOFT,17,90.784,0,6,Ferrari,90.39066666666668,0.46100000000001273,0.46100000000001273,40,PIT_SOON
LEC,18,SOFT,18,90.291,1,6,Ferrari,90.46600000000001,-0.4930000000000092,-0.4930000000000092,39,PIT_NOW
LEC,19,HARD,19,91.828,0,6,Ferrari,90.96766666666667,1.5370000000000061,0.0,38,STAY_OUT
LEC,20,HARD,20,92.192,0,6,Ferrari,91.43700000000001,0.3639999999999901,0.3639999999999901,37,STAY_OUT
LEC,21,HARD,21,91.358,0,6,Ferrari,91.79266666666668,-0.833999999999989,-0.833999999999989,36,STAY_OUT
LEC,22,HARD,22,91.935,0,6,Ferrari,91.82833333333333,0.5769999999999982,0.5769999999999982,35,STAY_OUT
LEC,23,HARD,23,91.998,0,6,Ferrari,91.76366666666667,0.06300000000000239,0.06300000000000239,34,STAY_OUT
LEC,24,HARD,24,92.195,0,6,Ferrari,92.04266666666666,0.19699999999998852,0.19699999999998852,33,STAY_OUT
LEC,25,HARD,25,91.629,0,6,Ferrari,91.94066666666667,-0.5659999999999883,-0.5659999999999883,32,STAY_OUT
LEC,26,HARD,26,91.644,0,6,Ferrari,91.82266666666668,0.015000000000000568,0.015000000000000568,31,STAY_OUT
LEC,27,HARD,27,92.237,0,6,Ferrari,91.83666666666666,0.5929999999999893,0.5929999999999893,30,STAY_OUT
LEC,28,HARD,28,92.209,0,6,Ferrari,92.03000000000002,-0.027999999999991587,-0.027999999999991587,29,STAY_OUT
LEC,29,HARD,29,92.235,0,6,Ferrari,92.22699999999999,0.02599999999999625,0.02599999999999625,28,STAY_OUT
LEC,30,HARD,30,92.304,0,6,Ferrari,92.24933333333333,0.06900000000000261,0.06900000000000261,27,STAY_OUT
LEC,31,HARD,31,92.036,0,6,Ferrari,92.19166666666666,-0.2680000000000007,-0.2680000000000007,26,STAY_OUT
LEC,32,HARD,32,92.35,0,6,Ferrari,92.23,0.31399999999999295,0.31399999999999295,25,STAY_OUT
LEC,33,HARD,33,92.408,0,6,Ferrari,92.26466666666666,0.058000000000006935,0.058000000000006935,24,STAY_OUT
LEC,34,HARD,34,92.146,0,6,Ferrari,92.30133333333333,-0.26200000000000045,-0.26200000000000045,23,STAY_OUT
LEC,35,HARD,35,92.96,0,6,Ferrari,92.50466666666667,0.813999999999993,0.813999999999993,22,STAY_OUT
LEC,36,HARD,36,92.582,0,6,Ferrari,92.56266666666666,-0.3780000000000001,-0.3780000000000001,21,STAY_OUT
LEC,37,HARD,37,92.123,0,6,Ferrari,92.55499999999999,-0.458999999999989,-0.458999999999989,20,STAY_OUT
LEC,38,HARD,38,92.717,0,6,Ferrari,92.474,0.5939999999999941,0.5939999999999941,19,STAY_OUT
LEC,39,HARD,39,92.268,0,6,Ferrari,92.36933333333333,-0.44899999999999807,-0.44899999999999807,18,STAY_OUT
LEC,40,HARD,40,92.836,0,6,Ferrari,92.60700000000001,0.5679999999999978,0.5679999999999978,17,STAY_OUT
LEC,41,HARD,41,92.988,0,6,Ferrari,92.69733333333333,0.15200000000000102,0.15200000000000102,16,STAY_OUT
LEC,42,HARD,42,92.434,0,6,Ferrari,92.75266666666666,-0.554000000000002,-0.554000000000002,15,STAY_OUT
LEC,43,HARD,43,93.009,0,6,Ferrari,92.81033333333333,0.5750000000000028,0.5750000000000028,14,STAY_OUT
LEC,44,HARD,44,92.884,0,6,Ferrari,92.77566666666667,-0.125,-0.125,13,STAY_OUT
LEC,45,HARD,45,93.047,0,6,Ferrari,92.98,0.1629999999999967,0.1629999999999967,12,STAY_OUT
LEC,46,HARD,46,93.409,0,6,Ferrari,93.11333333333334,0.362000000000009,0.362000000000009,11,STAY_OUT
LEC,47,HARD,47,92.806,0,6,Ferrari,93.08733333333333,-0.6030000000000086,-0.6030000000000086,10,STAY_OUT
LEC,48,HARD,48,92.694,0,6,Ferrari,92.96966666666667,-0.11199999999999477,-0.11199999999999477,9,STAY_OUT
LEC,49,HARD,49,92.693,0,6,Ferrari,92.731,-0.0010000000000047748,-0.0010000000000047748,8,STAY_OUT
LEC,50,HARD,50,92.755,0,6,Ferrari,92.714,0.06199999999999761,0.06199999999999761,7,STAY_OUT
LEC,51,HARD,51,93.017,0,6,Ferrari,92.82166666666666,0.26200000000000045,0.26200000000000045,6,STAY_OUT
LEC,52,HARD,52,93.182,0,6,Ferrari,92.98466666666667,0.16500000000000625,0.16500000000000625,5,STAY_OUT
LEC,53,HARD,53,93.203,0,6,Ferrari,93.13400000000001,0.021000000000000796,0.021000000000000796,4,STAY_OUT
LEC,54,HARD,54,93.408,0,6,Ferrari,93.26433333333334,0.2049999999999983,0.2049999999999983,3,STAY_OUT
LEC,55,HARD,55,93.204,0,6,Ferrari,93.27166666666666,-0.20400000000000773,-0.20400000000000773,2,STAY_OUT
LEC,56,HARD,56,93.676,0,6,Ferrari,93.42933333333333,0.4720000000000084,0.4720000000000084,1,STAY_OUT
LEC,57,HARD,57,93.201,0,6,Ferrari,93.36033333333332,-0.4750000000000085,-0.4750000000000085,0,STAY_OUT
NOR,1,MEDIUM,1,91.077,0,1,McLaren,91.077,0.0,0.0,56,STAY_OUT
NOR,2,MEDIUM,2,89.7,0,1,McLaren,90.3885,-1.3769999999999953,-1.3769999999999953,55,STAY_OUT
NOR,3,MEDIUM,3,91.594,0,1,McLaren,90.79033333333332,1.8939999999999912,1.8939999999999912,54,STAY_OUT
NOR,4,MEDIUM,4,90.043,0,1,McLaren,90.44566666666667,-1.5509999999999877,-1.5509999999999877,53,STAY_OUT
NOR,5,MEDIUM,5,90.372,0,1,McLaren,90.66966666666667,0.3289999999999935,0.3289999999999935,52,STAY_OUT
NOR,6,MEDIUM,6,90.084,0,1,McLaren,90.16633333333334,-0.2879999999999967,-0.2879999999999967,51,STAY_OUT
NOR,7,MEDIUM,7,90.523,0,1,McLaren,90.32633333333335,0.43899999999999295,0.43899999999999295,50,STAY_OUT
NOR,8,MEDIUM,8,90.674,0,1,McLaren,90.427,0.15100000000001046,0.15100000000001046,49,STAY_OUT
NOR,9,MEDIUM,9,90.327,0,1,McLaren,90.508,-0.3470000000000084,-0.3470000000000084,48,STAY_OUT
NOR,10,MEDIUM,10,90.222,0,1,McLaren,90.40766666666667,-0.10500000000000398,-0.10500000000000398,47,STAY_OUT
NOR,11,MEDIUM,11,90.416,0,1,McLaren,90.32166666666666,0.19400000000000261,0.19400000000000261,46,STAY_OUT
NOR,12,MEDIUM,12,90.853,0,1,McLaren,90.497,0.4369999999999976,0.4369999999999976,45,STAY_OUT
NOR,13,MEDIUM,13,90.738,0,1,McLaren,90.669,-0.11499999999999488,-0.11499999999999488,44,STAY_OUT
NOR,14,MEDIUM,14,90.969,0,1,McLaren,90.85333333333334,0.23099999999999454,0.23099999999999454,43,STAY_OUT
NOR,15,MEDIUM,15,91.379,0,1,McLaren,91.02866666666667,0.4100000000000108,0.4100000000000108,42,STAY_OUT
NOR,16,MEDIUM,16,90.989,0,1,McLaren,91.11233333333332,-0.39000000000000057,-0.39000000000000057,41,STAY_OUT
NOR,17,MEDIUM,17,90.747,0,1,McLaren,91.03833333333334,-0.24200000000000443,-0.24200000000000443,40,STAY_OUT
NOR,18,MEDIUM,18,91.377,0,1,McLaren,91.03766666666667,0.6299999999999955,0.6299999999999955,39,STAY_OUT
NOR,19,MEDIUM,19,91.145,0,1,McLaren,91.08966666666667,-0.23199999999999932,-0.23199999999999932,38,STAY_OUT
NOR,20,MEDIUM,20,91.462,0,1,McLaren,91.32799999999999,0.3170000000000073,0.3170000000000073,37,STAY_OUT
NOR,21,MEDIUM,21,91.59,0,1,McLaren,91.399,0.1280000000000001,0.1280000000000001,36,STAY_OUT
NOR,22,MEDIUM,22,91.052,0,1,McLaren,91.36800000000001,-0.5379999999999967,-0.5379999999999967,35,PIT_SOON
NOR,23,MEDIUM,23,91.825,0,1,McLaren,91.48900000000002,0.7729999999999961,0.7729999999999961,34,PIT_SOON
NOR,24,MEDIUM,24,91.752,0,1,McLaren,91.543,-0.0730000000000075,-0.0730000000000075,33,PIT_SOON
NOR,25,MEDIUM,25,91.369,1,1,McLaren,91.64866666666667,-0.38299999999999557,-0.38299999999999557,32,PIT_NOW
NOR,26,HARD,26,92.131,0,1,McLaren,91.75066666666667,0.7620000000000005,0.0,31,STAY_OUT
NOR,27,HARD,27,92.157,0,1,McLaren,91.88566666666667,0.02599999999999625,0.02599999999999625,30,STAY_OUT
NOR,28,HARD,28,92.127,0,1,McLaren,92.13833333333332,-0.030000000000001137,-0.030000000000001137,29,STAY_OUT
NOR,29,HARD,29,92.422,0,1,McLaren,92.23533333333334,0.2950000000000017,0.2950000000000017,28,STAY_OUT
NOR,30,HARD,30,92.631,0,1,McLaren,92.39333333333333,0.20900000000000318,0.20900000000000318,27,STAY_OUT
NOR,31,HARD,31,92.242,0,1,McLaren,92.43166666666667,-0.3889999999999958,-0.3889999999999958,26,STAY_OUT
NOR,32,HARD,32,92.679,0,1,McLaren,92.51733333333334,0.4369999999999976,0.4369999999999976,25,STAY_OUT
NOR,33,HARD,33,92.616,0,1,McLaren,92.51233333333334,-0.06300000000000239,-0.06300000000000239,24,STAY_OUT
NOR,34,HARD,34,92.43,0,1,McLaren,92.575,-0.18599999999999284,-0.18599999999999284,23,STAY_OUT
NOR,35,HARD,35,92.453,0,1,McLaren,92.49966666666667,0.022999999999996135,0.022999999999996135,22,STAY_OUT
NOR,36,HARD,36,92.094,0,1,McLaren,92.32566666666666,-0.35900000000000887,-0.35900000000000887,21,STAY_OUT
NOR,37,HARD,37,92.03,0,1,McLaren,92.19233333333334,-0.06399999999999295,-0.06399999999999295,20,STAY_OUT
NOR,38,HARD,38,92.57,0,1,McLaren,92.23133333333332,0.539999999999992,0.539999999999992,19,STAY_OUT
NOR,39,HARD,39,92.303,0,1,McLaren,92.301,-0.2669999999999959,-0.2669999999999959,18,STAY_OUT
NOR,40,HARD,40,92.588,0,1,McLaren,92.48700000000001,0.2849999999999966,0.2849999999999966,17,STAY_OUT
NOR,41,HARD,41,92.48,0,1,McLaren,92.457,-0.10799999999998988,-0.10799999999998988,16,STAY_OUT
NOR,42,HARD,42,92.143,0,1,McLaren,92.40366666666667,-0.3370000000000033,-0.3370000000000033,15,STAY_OUT
NOR,43,HARD,43,92.827,0,1,McLaren,92.48333333333333,0.6839999999999975,0.6839999999999975,14,STAY_OUT
NOR,44,HARD,44,92.636,0,1,McLaren,92.53533333333333,-0.1910000000000025,-0.1910000000000025,13,STAY_OUT
NOR,45,HARD,45,92.824,0,1,McLaren,92.76233333333334,0.1880000000000024,0.1880000000000024,12,STAY_OUT
NOR,46,HARD,46,92.572,0,1,McLaren,92.67733333333335,-0.25199999999999534,-0.25199999999999534,11,STAY_OUT
NOR,47,HARD,47,92.78,0,1,McLaren,92.72533333333332,0.2079999999999984,0.2079999999999984,10,STAY_OUT
NOR,48,HARD,48,93.388,0,1,McLaren,92.91333333333334,0.6080000000000041,0.6080000000000041,9,STAY_OUT
NOR,49,HARD,49,92.999,0,1,McLaren,93.05566666666668,-0.38900000000001,-0.38900000000001,8,STAY_OUT
NOR,50,HARD,50,93.165,0,1,McLaren,93.18400000000001,0.16600000000001103,0.16600000000001103,7,STAY_OUT
NOR,51,HARD,51,92.659,0,1,McLaren,92.94099999999999,-0.5060000000000002,-0.5060000000000002,6,STAY_OUT
NOR,52,HARD,52,93.797,0,1,McLaren,93.207,1.137999999999991,1.137999999999991,5,STAY_OUT
NOR,53,HARD,53,93.673,0,1,McLaren,93.37633333333333,-0.12399999999999523,-0.12399999999999523,4,STAY_OUT
NOR,54,HARD,54,93.569,0,1,McLaren,93.67966666666666,-0.1039999999999992,-0.1039999999999992,3,STAY_OUT
NOR,55,HARD,55,93.449,0,1,McLaren,93.56366666666668,-0.12000000000000455,-0.12000000000000455,2,STAY_OUT
NOR,56,HARD,56,93.245,0,1,McLaren,93.421,-0.20399999999999352,-0.20399999999999352,1,STAY_OUT
NOR,57,HARD,57,93.413,0,1,McLaren,93.36899999999999,0.16799999999999216,0.16799999999999216,0,STAY_OUT
PER,1,MEDIUM,1,91.689,0,5,Red Bull,91.689,0.0,0.0,56,STAY_OUT
PER,2,MEDIUM,2,89.839,0,5,Red Bull,90.764,-1.8499999999999943,-1.8499999999999943,55,STAY_OUT
PER,3,MEDIUM,3,90.608,0,5,Red Bull,90.71199999999999,0.7690000000000055,0.7690000000000055,54,STAY_OUT
PER,4,MEDIUM,4,89.561,0,5,Red Bull,90.00266666666668,-1.046999999999997,-1.046999999999997,53,STAY_OUT
PER,5,MEDIUM,5,90.583,0,5,Red Bull,90.25066666666667,1.0219999999999914,1.0219999999999914,52,STAY_OUT
PER,6,MEDIUM,6,90.486,0,5,Red Bull,90.21,-0.0969999999999942,-0.0969999999999942,51,STAY_OUT
PER,7,MEDIUM,7,90.249,0,5,Red Bull,90.43933333333332,-0.23700000000000898,-0.23700000000000898,50,STAY_OUT
PER,8,MEDIUM,8,90.42,0,5,Red Bull,90.38499999999999,0.17100000000000648,0.17100000000000648,49,STAY_OUT
PER,9,MEDIUM,9,89.779,0,5,Red Bull,90.14933333333333,-0.6410000000000053,-0.6410000000000053,48,STAY_OUT
PER,10,MEDIUM,10,90.354,0,5,Red Bull,90.18433333333333,0.5750000000000028,0.5750000000000028,47,STAY_OUT
PER,11,MEDIUM,11,90.97,0,5,Red Bull,90.36766666666666,0.6159999999999997,0.6159999999999997,46,STAY_OUT
PER,12,MEDIUM,12,90.934,0,5,Red Bull,90.75266666666666,-0.036000000000001364,-0.036000000000001364,45,STAY_OUT
PER,13,MEDIUM,13,90.809,0,5,Red Bull,90.90433333333334,-0.125,-0.125,44,STAY_OUT
PER,14,MEDIUM,14,90.776,0,5,Red Bull,90.83966666666667,-0.03300000000000125,-0.03300000000000125,43,STAY_OUT
PER,15,MEDIUM,15,91.089,0,5,Red Bull,90.89133333333332,0.3130000000000024,0.3130000000000024,42,STAY_OUT
PER,16,MEDIUM,16,90.836,0,5,Red Bull,90.90033333333332,-0.2530000000000001,-0.2530000000000001,41,STAY_OUT
PER,17,MEDIUM,17,90.491,0,5,Red Bull,90.80533333333334,-0.34499999999999886,-0.34499999999999886,40,STAY_OUT
PER,18,MEDIUM,18,91.058,0,5,Red Bull,90.795,0.5670000000000073,0.5670000000000073,39,STAY_OUT
PER,19,MEDIUM,19,91.251,0,5,Red Bull,90.93333333333334,0.19299999999999784,0.19299999999999784,38,PIT_SOON
PER,20,MEDIUM,20,91.537,0,5,Red Bull,91.282,0.28600000000000136,0.28600000000000136,37,PIT_SOON
PER,21,MEDIUM,21,90.838,0,5,Red Bull,91.20866666666667,-0.6990000000000123,-0.6990000000000123,36,PIT_SOON
PER,22,MEDIUM,22,91.303,1,5,Red Bull,91.226,0.4650000000000034,0.4650000000000034,35,PIT_NOW
PER,23,HARD,23,91.897,0,5,Red Bull,91.346,0.5940000000000083,0.0,34,STAY_OUT
PER,24,HARD,24,91.63,0,5,Red Bull,91.61,-0.2670000000000101,-0.2670000000000101,33,STAY_OUT
PER,25,HARD,25,92.146,0,5,Red Bull,91.891,0.5160000000000053,0.5160000000000053,32,STAY_OUT
PER,26,HARD,26,92.264,0,5,Red Bull,92.01333333333332,0.117999999999995,0.117999999999995,31,STAY_OUT
PER,27,HARD,27,91.993,0,5,Red Bull,92.13433333333334,-0.2710000000000008,-0.2710000000000008,30,STAY_OUT
PER,28,HARD,28,92.737,0,5,Red Bull,92.33133333333332,0.7439999999999998,0.7439999999999998,29,STAY_OUT
PER,29,HARD,29,92.064,0,5,Red Bull,92.26466666666666,-0.6730000000000018,-0.6730000000000018,28,STAY_OUT
PER,30,HARD,30,92.066,0,5,Red Bull,92.28899999999999,0.0020000000000095497,0.0020000000000095497,27,STAY_OUT
PER,31,HARD,31,92.097,0,5,Red Bull,92.07566666666666,0.0309999999999917,0.0309999999999917,26,STAY_OUT
PER,32,HARD,32,92.035,0,5,Red Bull,92.06599999999999,-0.06199999999999761,-0.06199999999999761,25,STAY_OUT
PER,33,HARD,33,92.152,0,5,Red Bull,92.09466666666667,0.11700000000000443,0.11700000000000443,24,STAY_OUT
PER,34,HARD,34,91.93,0,5,Red Bull,92.039,-0.2219999999999942,-0.2219999999999942,23,STAY_OUT
PER,35,HARD,35,92.343,0,5,Red Bull,92.14166666666667,0.4129999999999967,0.4129999999999967,22,STAY_OUT
PER,36,HARD,36,92.457,0,5,Red Bull,92.24333333333334,0.11399999999999011,0.11399999999999011,21,STAY_OUT
PER,37,HARD,37,91.795,0,5,Red Bull,92.19833333333334,-0.6619999999999919,-0.6619999999999919,20,STAY_OUT
PER,38,HARD,38,92.489,0,5,Red Bull,92.247,0.6940000000000026,0.6940000000000026,19,STAY_OUT
PER,39,HARD,39,92.573,0,5,Red Bull,92.28566666666666,0.08399999999998897,0.08399999999998897,18,STAY_OUT
PER,40,HARD,40,92.754,0,5,Red Bull,92.60533333333335,0.1810000000000116,0.1810000000000116,17,STAY_OUT
PER,41,HARD,41,93.001,0,5,Red Bull,92.776,0.2469999999999999,0.2469999999999999,16,STAY_OUT
PER,42,HARD,42,92.935,0,5,Red Bull,92.89666666666669,-0.0660000000000025,-0.0660000000000025,15,STAY_OUT
PER,43,HARD,43,92.534,0,5,Red Bull,92.82333333333334,-0.40099999999999625,-0.40099999999999625,14,STAY_OUT
PER,44,HARD,44,92.539,0,5,Red Bull,92.66933333333334,0.0049999999999954525,0.0049999999999954525,13,STAY_OUT
PER,45,HARD,45,92.974,0,5,Red Bull,92.68233333333335,0.4350000000000023,0.4350000000000023,12,STAY_OUT
PER,46,HARD,46,92.676,0,5,Red Bull,92.72966666666667,-0.2980000000000018,-0.2980000000000018,11,STAY_OUT
PER,47,HARD,47,92.512,0,5,Red Bull,92.72066666666667,-0.16400000000000148,-0.16400000000000148,10,STAY_OUT
PER,48,HARD,48,93.632,0,5,Red Bull,92.94000000000001,1.1200000000000045,1.1200000000000045,9,STAY_OUT
PER,49,HARD,49,92.867,0,5,Red Bull,93.00366666666667,-0.7650000000000006,-0.7650000000000006,8,STAY_OUT
PER,50,HARD,50,92.812,0,5,Red Bull,93.10366666666668,-0.05500000000000682,-0.05500000000000682,7,STAY_OUT
PER,51,HARD,51,92.382,0,5,Red Bull,92.68700000000001,-0.4299999999999926,-0.4299999999999926,6,STAY_OUT
PER,52,HARD,52,93.335,0,5,Red Bull,92.843,0.9529999999999887,0.9529999999999887,5,STAY_OUT
PER,53,HARD,53,92.824,0,5,Red Bull,92.847,-0.5109999999999957,-0.5109999999999957,4,STAY_OUT
PER,54,HARD,54,93.169,0,5,Red Bull,93.10933333333332,0.34499999999999886,0.34499999999999886,3,STAY_OUT
PER,55,HARD,55,93.491,0,5,Red Bull,93.16133333333335,0.32200000000000273,0.32200000000000273,2,STAY_OUT
PER,56,HARD,56,92.948,0,5,Red Bull,93.20266666666667,-0.5430000000000064,-0.5430000000000064,1,STAY_OUT
PER,57,HARD,57,93.304,0,5,Red Bull,93.24766666666666,0.35600000000000875,0.35600000000000875,0,STAY_OUT
RUS,1,HARD,1,91.793,0,3,Mercedes,91.793,0.0,0.0,56,STAY_OUT
RUS,2,HARD,2,92.859,0,3,Mercedes,92.326,1.0659999999999883,1.0659999999999883,55,STAY_OUT
RUS,3,HARD,3,92.888,0,3,Mercedes,92.51333333333334,0.029000000000010573,0.029000000000010573,54,STAY_OUT
RUS,4,HARD,4,90.624,0,3,Mercedes,92.12366666666667,-2.26400000000001,-2.26400000000001,53,STAY_OUT
RUS,5,HARD,5,90.834,0,3,Mercedes,91.44866666666667,0.21000000000000796,0.21000000000000796,52,STAY_OUT
RUS,6,HARD,6,91.039,0,3,Mercedes,90.83233333333332,0.2049999999999983,0.2049999999999983,51,STAY_OUT
RUS,7,HARD,7,91.629,0,3,Mercedes,91.16733333333333,0.5900000000000034,0.5900000000000034,50,STAY_OUT
RUS,8,HARD,8,91.786,0,3,Mercedes,91.48466666666667,0.15699999999999648,0.15699999999999648,49,STAY_OUT
RUS,9,HARD,9,91.228,0,3,Mercedes,91.54766666666667,-0.5580000000000069,-0.5580000000000069,48,STAY_OUT
RUS,10,HARD,10,91.278,0,3,Mercedes,91.43066666666665,0.05000000000001137,0.05000000000001137,47,STAY_OUT
RUS,11,HARD,11,91.518,0,3,Mercedes,91.34133333333334,0.23999999999999488,0.23999999999999488,46,STAY_OUT
RUS,12,HARD,12,91.484,0,3,Mercedes,91.42666666666666,-0.034000000000006025,-0.034000000000006025,45,STAY_OUT
RUS,13,HARD,13,91.799,0,3,Mercedes,91.60033333333332,0.31500000000001194,0.31500000000001194,44,STAY_OUT
RUS,14,HARD,14,91.403,0,3,Mercedes,91.56200000000001,-0.3960000000000008,-0.3960000000000008,43,STAY_OUT
RUS,15,HARD,15,91.885,0,3,Mercedes,91.69566666666667,0.4819999999999993,0.4819999999999993,42,STAY_OUT
RUS,16,HARD,16,91.568,0,3,Mercedes,91.61866666666667,-0.3170000000000073,-0.3170000000000073,41,STAY_OUT
RUS,17,HARD,17,91.936,0,3,Mercedes,91.79633333333334,0.3680000000000092,0.3680000000000092,40,STAY_OUT
RUS,18,HARD,18,91.639,0,3,Mercedes,91.71433333333334,-0.29700000000001125,-0.29700000000001125,39,STAY_OUT
RUS,19,HARD,19,91.576,0,3,Mercedes,91.717,-0.06300000000000239,-0.06300000000000239,38,STAY_OUT
RUS,20,HARD,20,92.374,0,3,Mercedes,91.86299999999999,0.7980000000000018,0.7980000000000018,37,STAY_OUT
RUS,21,HARD,21,92.16,0,3,Mercedes,92.03666666666668,-0.21399999999999864,-0.21399999999999864,36,STAY_OUT
RUS,22,HARD,22,91.342,0,3,Mercedes,91.95866666666666,-0.8179999999999978,-0.8179999999999978,35,STAY_OUT
RUS,23,HARD,23,91.786,0,3,Mercedes,91.76266666666668,0.4440000000000026,0.4440000000000026,34,STAY_OUT
RUS,24,HARD,24,92.321,0,3,Mercedes,91.81633333333333,0.5349999999999966,0.5349999999999966,33,STAY_OUT
RUS,25,HARD,25,91.641,0,3,Mercedes,91.91600000000001,-0.6799999999999926,-0.6799999999999926,32,STAY_OUT
RUS,26,HARD,26,92.271,0,3,Mercedes,92.07766666666667,0.6299999999999955,0.6299999999999955,31,STAY_OUT
RUS,27,HARD,27,92.28,0,3,Mercedes,92.06400000000001,0.009000000000000341,0.009000000000000341,30,PIT_SOON
RUS,28,HARD,28,91.91,0,3,Mercedes,92.15366666666667,-0.37000000000000455,-0.37000000000000455,29,PIT_SOON
RUS,29,HARD,29,92.157,0,3,Mercedes,92.11566666666666,0.2469999999999999,0.2469999999999999,28,PIT_SOON
RUS,30,HARD,30,91.573,1,3,Mercedes,91.88,-0.5840000000000032,-0.5840000000000032,27,PIT_NOW
RUS,31,MEDIUM,31,92.501,0,3,Mercedes,92.077,0.9280000000000115,0.0,26,STAY_OUT
RUS,32,MEDIUM,32,91.947,0,3,Mercedes,92.007,-0.554000000000002,-0.554000000000002,25,STAY_OUT
RUS,33,MEDIUM,33,92.351,0,3,Mercedes,92.26633333333335,0.40399999999999636,0.40399999999999636,24,STAY_OUT
RUS,34,MEDIUM,34,92.364,0,3,Mercedes,92.22066666666666,0.01300000000000523,0.01300000000000523,23,STAY_OUT
RUS,35,MEDIUM,35,92.657,0,3,Mercedes,92.45733333333332,0.29299999999999216,0.29299999999999216,22,STAY_OUT
RUS,36,MEDIUM,36,92.19,0,3,Mercedes,92.40366666666667,-0.46699999999999875,-0.46699999999999875,21,STAY_OUT
RUS,37,MEDIUM,37,92.451,0,3,Mercedes,92.43266666666666,0.2609999999999957,0.2609999999999957,20,STAY_OUT
RUS,38,MEDIUM,38,92.628,0,3,Mercedes,92.423,0.1770000000000067,0.1770000000000067,19,STAY_OUT
RUS,39,MEDIUM,39,92.792,0,3,Mercedes,92.62366666666667,0.16400000000000148,0.16400000000000148,18,STAY_OUT
RUS,40,MEDIUM,40,92.946,0,3,Mercedes,92.78866666666666,0.15399999999999636,0.15399999999999636,17,STAY_OUT
RUS,41,MEDIUM,41,92.527,0,3,Mercedes,92.755,-0.41899999999999693,-0.41899999999999693,16,STAY_OUT
RUS,42,MEDIUM,42,92.541,0,3,Mercedes,92.67133333333334,0.013999999999995794,0.013999999999995794,15,STAY_OUT
RUS,43,MEDIUM,43,93.218,0,3,Mercedes,92.762,0.6770000000000067,0.6770000000000067,14,STAY_OUT
RUS,44,MEDIUM,44,92.269,0,3,Mercedes,92.676,-0.9489999999999981,-0.9489999999999981,13,STAY_OUT
RUS,45,MEDIUM,45,93.421,0,3,Mercedes,92.96933333333334,1.152000000000001,1.152000000000001,12,STAY_OUT
RUS,46,MEDIUM,46,92.929,0,3,Mercedes,92.873,-0.49200000000000443,-0.49200000000000443,11,STAY_OUT
RUS,47,MEDIUM,47,93.089,0,3,Mercedes,93.14633333333332,0.1599999999999966,0.1599999999999966,10,STAY_OUT
RUS,48,MEDIUM,48,92.955,0,3,Mercedes,92.991,-0.13400000000000034,-0.13400000000000034,9,STAY_OUT
RUS,49,MEDIUM,49,93.216,0,3,Mercedes,93.08666666666666,0.2609999999999957,0.2609999999999957,8,STAY_OUT
RUS,50,MEDIUM,50,93.681,0,3,Mercedes,93.28399999999999,0.4650000000000034,0.4650000000000034,7,STAY_OUT
RUS,51,MEDIUM,51,93.601,0,3,Mercedes,93.49933333333333,-0.0799999999999983,-0.0799999999999983,6,STAY_OUT
RUS,52,MEDIUM,52,93.588,0,3,Mercedes,93.62333333333333,-0.01300000000000523,-0.01300000000000523,5,STAY_OUT
RUS,53,MEDIUM,53,93.537,0,3,Mercedes,93.57533333333333,-0.05099999999998772,-0.05099999999998772,4,STAY_OUT
RUS,54,MEDIUM,54,93.146,0,3,Mercedes,93.42366666666668,-0.39100000000000534,-0.39100000000000534,3,STAY_OUT
RUS,55,MEDIUM,55,93.397,0,3,Mercedes,93.36,0.2510000000000048,0.2510000000000048,2,STAY_OUT
RUS,56,MEDIUM,56,93.617,0,3,Mercedes,93.38666666666667,0.21999999999999886,0.21999999999999886,1,STAY_OUT
RUS,57,MEDIUM,57,93.927,0,3,Mercedes,93.647,0.3100000000000023,0.3100000000000023,0,STAY_OUT
SAI,1,MEDIUM,1,90.726,0,8,Ferrari,90.726,0.0,0.0,56,STAY_OUT
SAI,2,MEDIUM,2,90.629,0,8,Ferrari,90.67750000000001,-0.0969999999999942,-0.0969999999999942,55,STAY_OUT
SAI,3,MEDIUM,3,90.125,0,8,Ferrari,90.49333333333334,-0.5040000000000049,-0.5040000000000049,54,STAY_OUT
SAI,4,MEDIUM,4,90.578,0,8,Ferrari,90.444,0.45300000000000296,0.45300000000000296,53,STAY_OUT
SAI,5,MEDIUM,5,90.008,0,8,Ferrari,90.23700000000001,-0.5700000000000074,-0.5700000000000074,52,STAY_OUT
SAI,6,MEDIUM,6,90.024,0,8,Ferrari,90.20333333333333,0.016000000000005343,0.016000000000005343,51,STAY_OUT
SAI,7,MEDIUM,7,90.82,0,8,Ferrari,90.28399999999999,0.7959999999999923,0.7959999999999923,50,STAY_OUT
SAI,8,MEDIUM,8,90.481,0,8,Ferrari,90.44166666666666,-0.33899999999999864,-0.33899999999999864,49,STAY_OUT
SAI,9,MEDIUM,9,90.052,0,8,Ferrari,90.45100000000001,-0.42899999999998784,-0.42899999999998784,48,STAY_OUT
SAI,10,MEDIUM,10,90.775,0,8,Ferrari,90.43599999999999,0.722999999999999,0.722999999999999,47,STAY_OUT
SAI,11,MEDIUM,11,91.207,0,8,Ferrari,90.678,0.43199999999998795,0.43199999999998795,46,STAY_OUT
SAI,12,MEDIUM,12,90.95,0,8,Ferrari,90.97733333333333,-0.2569999999999908,-0.2569999999999908,45,STAY_OUT
SAI,13,MEDIUM,13,90.254,0,8,Ferrari,90.80366666666667,-0.695999999999998,-0.695999999999998,44,STAY_OUT
SAI,14,MEDIUM,14,90.635,0,8,Ferrari,90.61300000000001,0.3810000000000002,0.3810000000000002,43,STAY_OUT
SAI,15,MEDIUM,15,91.23,0,8,Ferrari,90.70633333333335,0.5949999999999989,0.5949999999999989,42,STAY_OUT
SAI,16,MEDIUM,16,90.708,0,8,Ferrari,90.85766666666666,-0.5220000000000056,-0.5220000000000056,41,STAY_OUT
SAI,17,MEDIUM,17,91.123,0,8,Ferrari,91.02033333333334,0.41500000000000625,0.41500000000000625,40,PIT_SOON
SAI,18,MEDIUM,18,91.292,0,8,Ferrari,91.041,0.16899999999999693,0.16899999999999693,39,PIT_SOON
SAI,19,MEDIUM,19,90.852,0,8,Ferrari,91.08900000000001,-0.4399999999999977,-0.4399999999999977,38,PIT_SOON
SAI,20,MEDIUM,20,91.182,1,8,Ferrari,91.10866666666668,0.3299999999999983,0.3299999999999983,37,PIT_NOW
SAI,21,SOFT,21,90.048,0,8,Ferrari,90.694,-1.1340000000000003,0.0,36,STAY_OUT
SAI,22,SOFT,22,90.833,0,8,Ferrari,90.68766666666666,0.7849999999999966,0.7849999999999966,35,STAY_OUT
SAI,23,SOFT,23,91.184,0,8,Ferrari,90.68833333333333,0.3509999999999991,0.3509999999999991,34,STAY_OUT
SAI,24,SOFT,24,91.006,0,8,Ferrari,91.00766666666665,-0.17799999999999727,-0.17799999999999727,33,STAY_OUT
SAI,25,SOFT,25,91.99,0,8,Ferrari,91.39333333333333,0.9839999999999947,0.9839999999999947,32,STAY_OUT
SAI,26,SOFT,26,91.191,0,8,Ferrari,91.39566666666667,-0.7989999999999924,-0.7989999999999924,31,STAY_OUT
SAI,27,SOFT,27,91.608,0,8,Ferrari,91.59633333333333,0.4170000000000016,0.4170000000000016,30,STAY_OUT
SAI,28,SOFT,28,91.899,0,8,Ferrari,91.56599999999999,0.2909999999999968,0.2909999999999968,29,STAY_OUT
SAI,29,SOFT,29,92.412,0,8,Ferrari,91.973,0.5130000000000052,0.5130000000000052,28,STAY_OUT
SAI,30,SOFT,30,91.669,0,8,Ferrari,91.99333333333334,-0.7430000000000092,-0.7430000000000092,27,STAY_OUT
SAI,31,SOFT,31,92.569,0,8,Ferrari,92.21666666666665,0.9000000000000057,0.9000000000000057,26,STAY_OUT
SAI,32,SOFT,32,92.343,0,8,Ferrari,92.19366666666667,-0.2259999999999991,-0.2259999999999991,25,STAY_OUT
SAI,33,SOFT,33,92.166,0,8,Ferrari,92.35933333333334,-0.1770000000000067,-0.1770000000000067,24,STAY_OUT
SAI,34,SOFT,34,92.719,0,8,Ferrari,92.40933333333334,0.5529999999999973,0.5529999999999973,23,STAY_OUT
SAI,35,SOFT,35,92.76,0,8,Ferrari,92.54833333333333,0.04100000000001103,0.04100000000001103,22,PIT_SOON
SAI,36,SOFT,36,92.64,0,8,Ferrari,92.70633333333332,-0.12000000000000455,-0.12000000000000455,21,PIT_SOON
SAI,37,SOFT,37,92.961,0,8,Ferrari,92.78699999999999,0.32099999999999795,0.32099999999999795,20,PIT_SOON
SAI,38,SOFT,38,92.944,1,8,Ferrari,92.84833333333334,-0.016999999999995907,-0.016999999999995907,19,PIT_NOW
SAI,39,HARD,39,92.594,0,8,Ferrari,92.83300000000001,-0.3500000000000085,0.0,18,STAY_OUT
SAI,40,HARD,40,92.799,0,8,Ferrari,92.779,0.2050000000000125,0.2050000000000125,17,STAY_OUT
SAI,41,HARD,41,93.116,0,8,Ferrari,92.83633333333334,0.31699999999999307,0.31699999999999307,16,STAY_OUT
SAI,42,HARD,42,92.309,0,8,Ferrari,92.74133333333333,-0.8070000000000022,-0.8070000000000022,15,STAY_OUT
SAI,43,HARD,43,93.36,0,8,Ferrari,92.92833333333334,1.051000000000002,1.051000000000002,14,STAY_OUT
SAI,44,HARD,44,92.174,0,8,Ferrari,92.61433333333333,-1.1859999999999928,-1.1859999999999928,13,STAY_OUT
SAI,45,HARD,45,92.754,0,8,Ferrari,92.76266666666668,0.5799999999999983,0.5799999999999983,12,STAY_OUT
SAI,46,HARD,46,93.016,0,8,Ferrari,92.64800000000001,0.26200000000000045,0.26200000000000045,11,STAY_OUT
SAI,47,HARD,47,92.964,0,8,Ferrari,92.91133333333335,-0.05200000000000671,-0.05200000000000671,10,STAY_OUT
SAI,48,HARD,48,92.733,0,8,Ferrari,92.90433333333334,-0.23099999999999454,-0.23099999999999454,9,STAY_OUT
SAI,49,HARD,49,92.898,0,8,Ferrari,92.865,0.16499999999999204,0.16499999999999204,8,STAY_OUT
SAI,50,HARD,50,92.852,0,8,Ferrari,92.82766666666667,-0.04599999999999227,-0.04599999999999227,7,STAY_OUT
SAI,51,HARD,51,92.863,0,8,Ferrari,92.871,0.01099999999999568,0.01099999999999568,6,STAY_OUT
SAI,52,HARD,52,93.335,0,8,Ferrari,93.01666666666667,0.4719999999999942,0.4719999999999942,5,STAY_OUT
SAI,53,HARD,53,93.227,0,8,Ferrari,93.14166666666665,-0.10799999999998988,-0.10799999999998988,4,STAY_OUT
SAI,54,HARD,54,92.952,0,8,Ferrari,93.17133333333334,-0.2750000000000057,-0.2750000000000057,3,STAY_OUT
SAI,55,HARD,55,93.47,0,8,Ferrari,93.21633333333334,0.5180000000000007,0.5180000000000007,2,STAY_OUT
SAI,56,HARD,56,93.332,0,8,Ferrari,93.25133333333333,-0.13800000000000523,-0.13800000000000523,1,STAY_OUT
SAI,57,HARD,57,93.524,0,8,Ferrari,93.44200000000001,0.19200000000000728,0.19200000000000728,0,STAY_OUT
STR,1,HARD,1,91.982,0,4,Aston Martin,91.982,0.0,0.0,56,STAY_OUT
STR,2,HARD,2,90.881,0,4,Aston Martin,91.4315,-1.100999999999999,-1.100999999999999,55,STAY_OUT
STR,3,HARD,3,91.708,0,4,Aston Martin,91.52366666666667,0.8269999999999982,0.8269999999999982,54,STAY_OUT
STR,4,HARD,4,91.146,0,4,Aston Martin,91.245,-0.5619999999999976,-0.5619999999999976,53,STAY_OUT
STR,5,HARD,5,91.006,0,4,Aston Martin,91.28666666666668,-0.14000000000000057,-0.14000000000000057,52,STAY_OUT
STR,6,HARD,6,90.916,0,4,Aston Martin,91.02266666666667,-0.09000000000000341,-0.09000000000000341,51,STAY_OUT
STR,7,HARD,7,91.786,0,4,Aston Martin,91.23599999999999,0.8700000000000045,0.8700000000000045,50,STAY_OUT
STR,8,HARD,8,91.584,0,4,Aston Martin,91.42866666666667,-0.20199999999999818,-0.20199999999999818,49,STAY_OUT
STR,9,HARD,9,91.358,0,4,Aston Martin,91.57600000000001,-0.2259999999999991,-0.2259999999999991,48,STAY_OUT
STR,10,HARD,10,91.844,0,4,Aston Martin,91.59533333333333,0.48599999999999,0.48599999999999,47,STAY_OUT
STR,11,HARD,11,91.463,0,4,Aston Martin,91.555,-0.3810000000000002,-0.3810000000000002,46,STAY_OUT
STR,12,HARD,12,91.222,0,4,Aston Martin,91.50966666666666,-0.24099999999999966,-0.24099999999999966,45,STAY_OUT
STR,13,HARD,13,91.977,0,4,Aston Martin,91.55400000000002,0.7550000000000097,0.7550000000000097,44,STAY_OUT
STR,14,HARD,14,91.722,0,4,Aston Martin,91.64033333333333,-0.25500000000000966,-0.25500000000000966,43,STAY_OUT
STR,15,HARD,15,91.289,0,4,Aston Martin,91.66266666666667,-0.4329999999999927,-0.4329999999999927,42,STAY_OUT
STR,16,HARD,16,91.583,0,4,Aston Martin,91.53133333333334,0.29399999999999693,0.29399999999999693,41,STAY_OUT
STR,17,HARD,17,91.417,0,4,Aston Martin,91.42966666666666,-0.16599999999999682,-0.16599999999999682,40,STAY_OUT
STR,18,HARD,18,91.305,0,4,Aston Martin,91.435,-0.11199999999999477,-0.11199999999999477,39,STAY_OUT
STR,19,HARD,19,92.038,0,4,Aston Martin,91.58666666666666,0.7329999999999899,0.7329999999999899,38,STAY_OUT
STR,20,HARD,20,92.373,0,4,Aston Martin,91.90533333333333,0.33500000000000796,0.33500000000000796,37,STAY_OUT
STR,21,HARD,21,91.42,0,4,Aston Martin,91.94366666666667,-0.953000000000003,-0.953000000000003,36,STAY_OUT
STR,22,HARD,22,92.049,0,4,Aston Martin,91.94733333333333,0.6290000000000049,0.6290000000000049,35,STAY_OUT
STR,23,HARD,23,91.725,0,4,Aston Martin,91.73133333333334,-0.3240000000000123,-0.3240000000000123,34,STAY_OUT
STR,24,HARD,24,91.814,0,4,Aston Martin,91.86266666666666,0.08899999999999864,0.08899999999999864,33,STAY_OUT
STR,25,HARD,25,91.822,0,4,Aston Martin,91.78699999999999,0.008000000000009777,0.008000000000009777,32,PIT_SOON
STR,26,HARD,26,91.781,0,4,Aston Martin,91.80566666666665,-0.04099999999999682,-0.04099999999999682,31,PIT_SOON
STR,27,HARD,27,92.095,0,4,Aston Martin,91.89933333333335,0.31399999999999295,0.31399999999999295,30,PIT_SOON
STR,28,HARD,28,91.871,1,4,Aston Martin,91.91566666666667,-0.22400000000000375,-0.22400000000000375,29,PIT_NOW
STR,29,SOFT,29,92.061,0,4,Aston Martin,92.00900000000001,0.19000000000001194,0.0,28,STAY_OUT
STR,30,SOFT,30,92.085,0,4,Aston Martin,92.00566666666667,0.0239999999999867,0.0239999999999867,27,STAY_OUT
STR,31,SOFT,31,92.148,0,4,Aston Martin,92.098,0.06300000000000239,0.06300000000000239,26,STAY_OUT
STR,32,SOFT,32,92.068,0,4,Aston Martin,92.10033333333332,-0.0799999999999983,-0.0799999999999983,25,STAY_OUT
STR,33,SOFT,33,92.287,0,4,Aston Martin,92.16766666666668,0.2190000000000083,0.2190000000000083,24,STAY_OUT
STR,34,SOFT,34,92.807,0,4,Aston Martin,92.38733333333333,0.519999999999996,0.519999999999996,23,STAY_OUT
STR,35,SOFT,35,92.85,0,4,Aston Martin,92.64800000000001,0.042999999999992156,0.042999999999992156,22,STAY_OUT
STR,36,SOFT,36,92.527,0,4,Aston Martin,92.728,-0.3229999999999933,-0.3229999999999933,21,STAY_OUT
STR,37,SOFT,37,92.97,0,4,Aston Martin,92.78233333333333,0.44299999999999784,0.44299999999999784,20,STAY_OUT
STR,38,SOFT,38,93.285,0,4,Aston Martin,92.92733333333335,0.3149999999999977,0.3149999999999977,19,STAY_OUT
STR,39,SOFT,39,92.679,0,4,Aston Martin,92.978,-0.6059999999999945,-0.6059999999999945,18,STAY_OUT
STR,40,SOFT,40,93.463,0,4,Aston Martin,93.14233333333334,0.7839999999999918,0.7839999999999918,17,STAY_OUT
STR,41,SOFT,41,93.221,0,4,Aston Martin,93.121,-0.24199999999999022,-0.24199999999999022,16,STAY_OUT
STR,42,SOFT,42,93.711,0,4,Aston Martin,93.46499999999999,0.4899999999999949,0.4899999999999949,15,STAY_OUT
STR,43,SOFT,43,93.431,0,4,Aston Martin,93.45433333333334,-0.28000000000000114,-0.28000000000000114,14,STAY_OUT
STR,44,SOFT,44,93.239,0,4,Aston Martin,93.46033333333332,-0.19199999999999307,-0.19199999999999307,13,STAY_OUT
STR,45,SOFT,45,93.412,0,4,Aston Martin,93.36066666666666,0.17300000000000182,0.17300000000000182,12,STAY_OUT
STR,46,SOFT,46,94.034,0,4,Aston Martin,93.56166666666667,0.6219999999999999,0.6219999999999999,11,STAY_OUT
STR,47,SOFT,47,94.218,0,4,Aston Martin,93.88799999999999,0.1839999999999975,0.1839999999999975,10,STAY_OUT
STR,48,SOFT,48,93.989,0,4,Aston Martin,94.08033333333333,-0.2289999999999992,-0.2289999999999992,9,STAY_OUT
STR,49,SOFT,49,94.572,0,4,Aston Martin,94.25966666666666,0.5829999999999984,0.5829999999999984,8,STAY_OUT
STR,50,SOFT,50,94.002,0,4,Aston Martin,94.18766666666666,-0.5700000000000074,-0.5700000000000074,7,STAY_OUT
STR,51,SOFT,51,94.6,0,4,Aston Martin,94.39133333333332,0.597999999999999,0.597999999999999,6,STAY_OUT
STR,52,SOFT,52,94.377,0,4,Aston Martin,94.32633333333332,-0.22299999999999898,-0.22299999999999898,5,STAY_OUT
STR,53,SOFT,53,94.664,0,4,Aston Martin,94.54699999999998,0.28700000000000614,0.28700000000000614,4,STAY_OUT
STR,54,SOFT,54,94.994,0,4,Aston Martin,94.67833333333334,0.3299999999999983,0.3299999999999983,3,STAY_OUT
STR,55,SOFT,55,94.842,0,4,Aston Martin,94.83333333333333,-0.15200000000000102,-0.15200000000000102,2,STAY_OUT
STR,56,SOFT,56,95.105,0,4,Aston Martin,94.98033333333335,0.26300000000000523,0.26300000000000523,1,STAY_OUT
STR,57,SOFT,57,95.642,0,4,Aston Martin,95.19633333333333,0.5369999999999919,0.5369999999999919,0,STAY_OUT
VER,1,MEDIUM,1,91.37,0,9,Red Bull,91.37,0.0,0.0,56,STAY_OUT
VER,2,MEDIUM,2,90.284,0,9,Red Bull,90.827,-1.0859999999999985,-1.0859999999999985,55,STAY_OUT
VER,3,MEDIUM,3,90.203,0,9,Red Bull,90.61900000000001,-0.08100000000000307,-0.08100000000000307,54,STAY_OUT
VER,4,MEDIUM,4,89.922,0,9,Red Bull,90.13633333333333,-0.2810000000000059,-0.2810000000000059,53,STAY_OUT
VER,5,MEDIUM,5,90.223,0,9,Red Bull,90.116,0.30100000000000193,0.30100000000000193,52,STAY_OUT
VER,6,MEDIUM,6,89.646,0,9,Red Bull,89.93033333333334,-0.5769999999999982,-0.5769999999999982,51,STAY_OUT
VER,7,MEDIUM,7,89.773,0,9,Red Bull,89.88066666666667,0.12699999999999534,0.12699999999999534,50,STAY_OUT
VER,8,MEDIUM,8,90.191,0,9,Red Bull,89.87,0.41800000000000637,0.41800000000000637,49,STAY_OUT
VER,9,MEDIUM,9,90.126,0,9,Red Bull,90.02999999999999,-0.06499999999999773,-0.06499999999999773,48,STAY_OUT
VER,10,MEDIUM,10,90.594,0,9,Red Bull,90.30366666666667,0.4679999999999893,0.4679999999999893,47,STAY_OUT
VER,11,MEDIUM,11,90.298,0,9,Red Bull,90.33933333333333,-0.29599999999999227,-0.29599999999999227,46,STAY_OUT
VER,12,MEDIUM,12,90.216,0,9,Red Bull,90.36933333333333,-0.08200000000000784,-0.08200000000000784,45,STAY_OUT
VER,13,MEDIUM,13,91.15,0,9,Red Bull,90.55466666666666,0.9340000000000117,0.9340000000000117,44,STAY_OUT
VER,14,MEDIUM,14,90.712,0,9,Red Bull,90.69266666666668,-0.4380000000000024,-0.4380000000000024,43,STAY_OUT
VER,15,MEDIUM,15,90.87,0,9,Red Bull,90.91066666666667,0.15800000000000125,0.15800000000000125,42,STAY_OUT
VER,16,MEDIUM,16,90.493,0,9,Red Bull,90.69166666666666,-0.37700000000000955,-0.37700000000000955,41,STAY_OUT
VER,17,MEDIUM,17,90.827,0,9,Red Bull,90.73,0.3340000000000032,0.3340000000000032,40,STAY_OUT
VER,18,MEDIUM,18,91.093,0,9,Red Bull,90.80433333333333,0.26600000000000534,0.26600000000000534,39,STAY_OUT
VER,19,MEDIUM,19,90.785,0,9,Red Bull,90.90166666666669,-0.30800000000000693,-0.30800000000000693,38,PIT_SOON
VER,20,MEDIUM,20,91.313,0,9,Red Bull,91.06366666666668,0.5280000000000058,0.5280000000000058,37,PIT_SOON
VER,21,MEDIUM,21,91.09,0,9,Red Bull,91.06266666666666,-0.22299999999999898,-0.22299999999999898,36,PIT_SOON
VER,22,MEDIUM,22,91.252,1,9,Red Bull,91.21833333333332,0.16199999999999193,0.16199999999999193,35,PIT_NOW
VER,23,HARD,23,91.739,0,9,Red Bull,91.36033333333334,0.487000000000009,0.0,34,STAY_OUT
VER,24,HARD,24,92.516,0,9,Red Bull,91.83566666666667,0.777000000000001,0.777000000000001,33,STAY_OUT
VER,25,HARD,25,91.996,0,9,Red Bull,92.08366666666666,-0.5200000000000102,-0.5200000000000102,32,STAY_OUT
VER,26,HARD,26,91.723,0,9,Red Bull,92.07833333333333,-0.27299999999999613,-0.27299999999999613,31,STAY_OUT
VER,27,HARD,27,92.327,0,9,Red Bull,92.01533333333333,0.6039999999999992,0.6039999999999992,30,STAY_OUT
VER,28,HARD,28,91.754,0,9,Red Bull,91.93466666666666,-0.5729999999999933,-0.5729999999999933,29,STAY_OUT
VER,29,HARD,29,92.223,0,9,Red Bull,92.10133333333333,0.4689999999999941,0.4689999999999941,28,STAY_OUT
VER,30,HARD,30,91.612,0,9,Red Bull,91.863,-0.6110000000000042,-0.6110000000000042,27,STAY_OUT
VER,31,HARD,31,91.842,0,9,Red Bull,91.89233333333334,0.23000000000000398,0.23000000000000398,26,STAY_OUT
VER,32,HARD,32,92.339,0,9,Red Bull,91.931,0.4969999999999999,0.4969999999999999,25,STAY_OUT
VER,33,HARD,33,92.542,0,9,Red Bull,92.241,0.20300000000000296,0.20300000000000296,24,STAY_OUT
VER,34,HARD,34,92.411,0,9,Red Bull,92.43066666666668,-0.13100000000000023,-0.13100000000000023,23,STAY_OUT
VER,35,HARD,35,92.365,0,9,Red Bull,92.43933333333332,-0.04600000000000648,-0.04600000000000648,22,STAY_OUT
VER,36,HARD,36,92.35,0,9,Red Bull,92.37533333333333,-0.015000000000000568,-0.015000000000000568,21,STAY_OUT
VER,37,HARD,37,92.036,0,9,Red Bull,92.25033333333333,-0.31399999999999295,-0.31399999999999295,20,STAY_OUT
VER,38,HARD,38,92.304,0,9,Red Bull,92.23,0.2680000000000007,0.2680000000000007,19,STAY_OUT
VER,39,HARD,39,92.422,0,9,Red Bull,92.254,0.117999999999995,0.117999999999995,18,STAY_OUT
VER,40,HARD,40,92.917,0,9,Red Bull,92.54766666666667,0.49500000000000455,0.49500000000000455,17,STAY_OUT
VER,41,HARD,41,92.743,0,9,Red Bull,92.694,-0.1740000000000066,-0.1740000000000066,16,STAY_OUT
VER,42,HARD,42,92.151,0,9,Red Bull,92.60366666666668,-0.5919999999999987,-0.5919999999999987,15,STAY_OUT
VER,43,HARD,43,92.817,0,9,Red Bull,92.57033333333332,0.6659999999999968,0.6659999999999968,14,STAY_OUT
VER,44,HARD,44,92.644,0,9,Red Bull,92.53733333333332,-0.1729999999999876,-0.1729999999999876,13,STAY_OUT
VER,45,HARD,45,92.597,0,9,Red Bull,92.68599999999999,-0.047000000000011255,-0.047000000000011255,12,STAY_OUT
VER,46,HARD,46,93.024,0,9,Red Bull,92.755,0.4270000000000067,0.4270000000000067,11,STAY_OUT
VER,47,HARD,47,93.189,0,9,Red Bull,92.93666666666665,0.16499999999999204,0.16499999999999204,10,STAY_OUT
VER,48,HARD,48,93.199,0,9,Red Bull,93.13733333333333,0.010000000000005116,0.010000000000005116,9,STAY_OUT
VER,49,HARD,49,92.708,0,9,Red Bull,93.032,-0.49099999999999966,-0.49099999999999966,8,STAY_OUT
VER,50,HARD,50,92.907,0,9,Red Bull,92.93799999999999,0.19899999999999807,0.19899999999999807,7,STAY_OUT
VER,51,HARD,51,93.139,0,9,Red Bull,92.91799999999999,0.23199999999999932,0.23199999999999932,6,STAY_OUT
VER,52,HARD,52,93.373,0,9,Red Bull,93.13966666666666,0.23400000000000887,0.23400000000000887,5,STAY_OUT
VER,53,HARD,53,92.976,0,9,Red Bull,93.16266666666667,-0.39700000000000557,-0.39700000000000557,4,STAY_OUT
VER,54,HARD,54,93.104,0,9,Red Bull,93.151,0.1280000000000001,0.1280000000000001,3,STAY_OUT
VER,55,HARD,55,92.868,0,9,Red Bull,92.98266666666666,-0.2360000000000042,-0.2360000000000042,2,STAY_OUT
VER,56,HARD,56,92.881,0,9,Red Bull,92.95100000000001,0.01300000000000523,0.01300000000000523,1,STAY_OUT
VER,57,HARD,57,93.524,0,9,Red Bull,93.09100000000001,0.6430000000000007,0.6430000000000007,0,STAY_OUT
